Time,Type,Feedback
Time,Type,Feedback
Time,Type,Feedback
Time,Type,Feedback
Time,Type,Feedback
Time,Type,Feedback
Time,Type,Feedback
Time,Type,Feedback
Time,Type,Feedback
Time,Type,Feedback
Time,Type,Feedback
Time,Type,Feedback
Time,Type,Feedback
Time,Type,Feedback
Time,Type,Feedback
Time,Type,Feedback
Time,Type,Feedback
Time,Type,Feedback
Time,Type,Feedback
Time,Type,Feedback
Time,Type,Feedback
Time,Type,Feedback
Time,Type,Feedback
Time,Type,Feedback
Time,Type,Feedback
Time,Type,Feedback
Time,Type,Feedback
Time,Type,Feedback
Time,Type,Feedback
Time,Type,Feedback
Time,Type,Feedback
Time,Type,Feedback
Time,Type,Feedback
Time,Type,Feedback
Time,Type,Feedback
Time,Type,Feedback
Time,Type,Feedback
Time,Type,Feedback
Time,Type,Feedback
Time,Type,Feedback
Time,Type,Feedback
Time,Type,Feedback
Time,Type,Feedback
Time,Type,Feedback
Time,Type,Feedback
Time,Type,Feedback
Time,Type,Feedback
Time,Type,Feedback
Time,Type,Feedback
