Time,Name,Type
Time,Name,Type
Time,Name,Type
Time,Name,Type
Time,Name,Type
Time,Name,Type
Time,Name,Type
Time,Name,Type
Time,Name,Type
Time,Name,Type
Time,Name,Type
Time,Name,Type
Time,Name,Type
Time,Name,Type
Time,Name,Type
Time,Name,Type
Time,Name,Type
Time,Name,Type
Time,Name,Type
Time,Name,Type
Time,Name,Type
Time,Name,Type
Time,Name,Type
Time,Name,Type
Time,Name,Type
Time,Name,Type
Time,Name,Type
Time,Name,Type
Time,Name,Type
Time,Name,Type
Time,Name,Type
Time,Name,Type
Time,Name,Type
Time,Name,Type
Time,Name,Type
Time,Name,Type
Time,Name,Type
Time,Name,Type
Time,Name,Type
Time,Name,Type
Time,Name,Type
Time,Name,Type
Time,Name,Type
Time,Name,Type
Time,Name,Type
Time,Name,Type
Time,Name,Type
Time,Name,Type
Time,Name,Type
Time,Name,Type
Time,Name,Type
Time,Name,Type
Time,Name,Type
Time,Name,Type
