Time,Name,Shirtcolor,Hair
Time,Name,Shirtcolor,Hair
Time,Name,Shirtcolor,Hair
Time,Name,Shirtcolor,Hair
Time,Name,Shirtcolor,Hair
Time,Name,Shirtcolor,Hair
Time,Name,Shirtcolor,Hair
Time,Name,Shirtcolor,Hair
Time,Name,Shirtcolor,Hair
Time,Name,Shirtcolor,Hair
Time,Name,Shirtcolor,Hair
Time,Name,Shirtcolor,Hair
Time,Name,Shirtcolor,Hair
Time,Name,Shirtcolor,Hair
Time,Name,Shirtcolor,Hair
Time,Name,Shirtcolor,Hair
Time,Name,Shirtcolor,Hair
Time,Name,Shirtcolor,Hair
Time,Name,Shirtcolor,Hair
Time,Name,Shirtcolor,Hair
Time,Name,Shirtcolor,Hair
Time,Name,Shirtcolor,Hair
Time,Name,Shirtcolor,Hair
Time,Name,Shirtcolor,Hair
Time,Name,Shirtcolor,Hair
Time,Name,Shirtcolor,Hair
Time,Name,Shirtcolor,Hair
Time,Name,Shirtcolor,Hair
Time,Name,Shirtcolor,Hair
Time,Name,Shirtcolor,Hair
Time,Name,Shirtcolor,Hair
Time,Name,Shirtcolor,Hair
Time,Name,Shirtcolor,Hair
Time,Name,Shirtcolor,Hair
Time,Name,Shirtcolor,Hair
Time,Name,Shirtcolor,Hair
Time,Name,Shirtcolor,Hair
Time,Name,Shirtcolor,Hair
Time,Name,Shirtcolor,Hair
Time,Name,Shirtcolor,Hair
Time,Name,Shirtcolor,Hair
Time,Name,Shirtcolor,Hair
Time,Name,Shirtcolor,Hair
Time,Name,Shirtcolor,Hair
Time,Name,Shirtcolor,Hair
Time,Name,Shirtcolor,Hair
Time,Name,Shirtcolor,Hair
Time,Name,Shirtcolor,Hair
Time,Name,Shirtcolor,Hair
Time,Name,Shirtcolor,Hair
Time,Name,Shirtcolor,Hair
Time,Name,Shirtcolor,Hair
Time,Name,Shirtcolor,Hair
Time,Name,Shirtcolor,Hair
Time,Name,Shirtcolor,Hair
Time,Name,Shirtcolor,Hair
Time,Name,Shirtcolor,Hair
Time,Name,Shirtcolor,Hair
Time,Name,Shirtcolor,Hair
Time,Name,Shirtcolor,Hair
Time,Name,Shirtcolor,Hair
Time,Name,Shirtcolor,Hair
Time,Name,Shirtcolor,Hair
Time,Name,Shirtcolor,Hair
Time,Name,Shirtcolor,Hair
Time,Name,Shirtcolor,Hair
Time,Name,Shirtcolor,Hair
Time,Name,Shirtcolor,Hair
Time,Name,Shirtcolor,Hair
Time,Name,Shirtcolor,Hair
Time,Name,Shirtcolor,Hair
Time,Name,Shirtcolor,Hair
Time,Name,Shirtcolor,Hair
Time,Name,Shirtcolor,Hair
Time,Name,Shirtcolor,Hair
Time,Name,Shirtcolor,Hair
Time,Name,Shirtcolor,Hair
Time,Name,Shirtcolor,Hair
Time,Name,Shirtcolor,Hair
Time,Name,Shirtcolor,Hair
Time,Name,Shirtcolor,Hair
Time,Name,Shirtcolor,Hair
Time,Name,Shirtcolor,Hair
Time,Name,Shirtcolor,Hair
